{
  "version": 1,
  "author": "Anonymous maker",
  "editor": "wokwi",
  "parts": [
    {
      "type": "board-esp32-devkit-c-v4",
      "id": "esp",
      "top": 27.14,
      "left": -53.9,
      "rotate": 270,
      "attrs": {}
    },
    {
      "type": "wokwi-led",
      "id": "led1",
      "top": 25.2,
      "left": -101.8,
      "attrs": { "color": "cyan" }
    }
  ],
  "connections": [
    [ "esp:TX", "$serialMonitor:RX", "", [] ],
    [ "esp:RX", "$serialMonitor:TX", "", [] ],
    [ "led1:C", "esp:GND.2", "green", [ "h-18.8", "v28.28" ] ],
    [ "led1:A", "esp:22", "green", [ "h19.2", "v18.68" ] ]
  ],
  "dependencies": {}
}