{
  "version": 1,
  "author": "Anonymous maker",
  "editor": "wokwi",
  "parts": [
    {
      "type": "board-esp32-devkit-c-v4",
      "id": "esp",
      "top": -1.14,
      "left": -51.1,
      "rotate": 270,
      "attrs": {}
    },
    { "type": "wokwi-led", "id": "led1", "top": -51.6, "left": -73, "attrs": { "color": "cyan" } },
    {
      "type": "wokwi-pushbutton",
      "id": "btn1",
      "top": -58.2,
      "left": 3,
      "rotate": 90,
      "attrs": { "color": "blue" }
    }
  ],
  "connections": [
    [ "esp:TX", "$serialMonitor:RX", "", [] ],
    [ "esp:RX", "$serialMonitor:TX", "", [] ],
    [ "led1:C", "esp:GND.2", "black", [ "h-18.8", "v67.2" ] ],
    [ "led1:A", "esp:21", "green", [ "v0", "h9.6" ] ],
    [ "btn1:2.l", "esp:GND.3", "black", [ "h-48.2", "v105.6" ] ],
    [ "btn1:1.r", "esp:0", "green", [ "v0" ] ]
  ],
  "dependencies": {}
}